guard,scope,n,precision,recall,f1,fpr,p50_ms,p95_ms,errors,rate_benign,rate_benign_tricky,rate_direct_injection,rate_indirect_injection,rate_jailbreak,rate_system_prompt_leak,rate_pii,rate_unsafe_content,rate_tool_abuse
regex,overall,116,1.000,0.033,0.065,0.000,0.14,1.09,0,0.000,,0.033,,,,,,
regex,in_scope,116,1.000,0.033,0.065,0.000,0.14,1.09,0,0.000,,0.033,,,,,,
deberta,overall,116,1.000,0.367,0.537,0.000,331.28,676.58,0,0.000,,0.367,,,,,,
deberta,in_scope,116,1.000,0.367,0.537,0.000,331.28,676.58,0,0.000,,0.367,,,,,,
gliguard,overall,116,0.909,0.333,0.488,0.036,586.83,929.11,0,0.036,,0.333,,,,,,
gliguard,in_scope,116,0.909,0.333,0.488,0.036,586.83,929.11,0,0.036,,0.333,,,,,,
presidio,overall,116,0.000,0.000,0.000,0.000,27.02,81.78,0,0.000,,0.000,,,,,,
presidio,in_scope,56,0.000,0.000,0.000,0.000,23.80,71.69,0,0.000,,,,,,,,
llamaguard,overall,116,0.800,0.133,0.229,0.036,1533.00,2798.42,0,0.036,,0.133,,,,,,
llamaguard,in_scope,56,0.000,0.000,0.000,0.036,1443.47,2053.20,0,0.036,,,,,,,,
lakera,overall,20,0.875,0.875,0.875,0.083,66.79,75.00,96,0.083,,0.875,,,,,,
lakera,in_scope,20,0.875,0.875,0.875,0.083,66.79,75.00,96,0.083,,0.875,,,,,,
