Timestamp,User Count,Type,Name,Requests/s,Failures/s,50%,66%,75%,80%,90%,95%,98%,99%,99.9%,99.99%,100%,Total Request Count,Total Failure Count,Total Median Response Time,Total Average Response Time,Total Min Response Time,Total Max Response Time,Total Average Content Size
1791377233,0,,Aggregated,0.000000,0.000000,N/A,N/A,N/A,N/A,N/A,N/A,N/A,N/A,N/A,N/A,N/A,0,0,0,0.0,0,0,0
1791377234,4,,Aggregated,0.000000,0.000000,250,250,260,260,260,260,260,260,260,260,260,4,0,250,232.8003500000193,200.95870000000104,260.06020000011176,1443.0
1791377235,12,,Aggregated,0.000000,0.000000,210,220,250,250,260,360,360,360,360,360,360,14,0,210,205.84265714288514,81.25500000005559,355.55890000000545,1526.5714285714287
1791377236,16,,Aggregated,0.000000,0.000000,220,250,270,300,330,360,360,360,360,360,360,19,0,220,222.5892842105491,81.25500000005559,355.55890000000545,1556.4736842105262
1791377237,20,,Aggregated,5.000000,0.000000,210,240,250,260,300,330,360,360,360,360,360,31,0,210,203.92613870969046,25.263799999947878,355.55890000000545,1529.5806451612902
1791377238,20,,Aggregated,6.333333,0.000000,210,250,250,270,330,430,500,500,500,500,500,41,0,210,210.06732439025203,25.263799999947878,499.62779999998475,1459.219512195122
1791377239,20,,Aggregated,7.000000,0.000000,200,250,260,270,330,430,500,500,500,500,500,47,0,200,206.93708085106783,25.263799999947878,499.62779999998475,1475.4893617021276
1791377240,20,,Aggregated,7.800000,0.000000,200,230,250,270,330,430,430,500,500,500,500,54,0,200,206.80879074074323,25.263799999947878,499.62779999998475,1495.9814814814815
1791377241,20,,Aggregated,7.166667,0.000000,200,250,260,270,330,430,450,500,500,500,500,62,0,200,209.93736451613142,25.263799999947878,499.62779999998475,1471.6290322580646
1791377242,20,,Aggregated,7.166667,0.000000,200,250,260,270,330,430,450,500,500,500,500,63,0,200,210.23346666666907,25.263799999947878,499.62779999998475,1453.3492063492063
1791377243,20,,Aggregated,7.375000,0.000000,220,260,270,330,880,1000,1700,1700,1700,1700,1700,70,0,220,311.8355157142884,25.263799999947878,1687.6824999999371,1455.8142857142857
1791377244,20,,Aggregated,7.000000,0.000000,220,260,340,430,1200,1500,1700,1700,1700,1700,1700,80,0,220,380.1332962500041,25.08880000004865,1687.6824999999371,1446.475
1791377245,20,,Aggregated,6.300000,0.000000,220,260,330,430,1100,1400,1700,1700,1700,1700,1700,84,0,220,369.701666666672,25.08880000004865,1687.6824999999371,1440.1785714285713
1791377246,20,,Aggregated,7.200000,0.000000,230,260,320,370,1000,1400,1700,1700,1700,1700,1700,95,0,230,355.30942000000323,25.08880000004865,1687.6824999999371,1452.3052631578948
1791377247,20,,Aggregated,7.300000,0.000000,240,270,340,430,950,1400,1600,1700,1700,1700,1700,109,0,240,353.77424403670005,25.08880000004865,1687.6824999999371,1454.51376146789
1791377248,20,,Aggregated,7.000000,0.000000,240,270,340,380,950,1400,1600,1700,1700,1700,1700,116,0,240,345.8843637931044,25.08880000004865,1687.6824999999371,1457.9655172413793
1791377249,20,,Aggregated,7.300000,0.000000,250,290,350,390,880,1400,1600,1700,1700,1700,1700,128,0,250,342.16377734374856,25.08880000004865,1687.6824999999371,1455.1796875
1791377250,20,,Aggregated,7.600000,0.000000,250,290,340,380,620,1400,1600,1700,1700,1700,1700,134,0,250,335.075834328357,25.08880000004865,1687.6824999999371,1450.5149253731342
1791377251,20,,Aggregated,7.700000,0.000000,250,300,350,390,880,1400,1600,1700,1700,1700,1700,140,0,250,339.8527192857125,25.08880000004865,1687.6824999999371,1450.7071428571428
1791377252,20,,Aggregated,7.600000,0.000000,250,300,340,380,650,1200,1600,1700,1700,1700,1700,150,0,250,330.2135933333321,25.08880000004865,1687.6824999999371,1442.8733333333332
1791377253,20,,Aggregated,7.500000,0.000000,250,290,340,380,620,1200,1500,1700,1700,1700,1700,153,0,250,327.540237908495,25.08880000004865,1687.6824999999371,1437.875816993464
1791377254,20,,Aggregated,8.200000,0.000000,250,290,330,370,580,1100,1500,1700,1700,1700,1700,165,0,250,318.98459090909006,25.08880000004865,1687.6824999999371,1438.0181818181818
1791377255,20,,Aggregated,8.800000,0.000000,250,290,330,370,520,1100,1500,1700,1700,1700,1700,171,0,250,316.3764654970753,23.175400000013724,1687.6824999999371,1436.9298245614036
1791377256,20,,Aggregated,8.100000,0.000000,250,290,340,380,530,1100,1500,1700,1700,1700,1700,179,0,250,314.9993173184345,23.175400000013724,1687.6824999999371,1439.804469273743
1791377257,20,,Aggregated,8.500000,0.000000,240,290,330,370,520,1000,1500,1700,1700,1700,1700,187,0,240,308.3259524064159,23.175400000013724,1687.6824999999371,1442.9732620320856
1791377258,20,,Aggregated,8.400000,0.000000,250,290,330,360,500,1000,1500,1700,1700,1700,1700,196,0,250,305.57349846938735,23.175400000013724,1687.6824999999371,1452.5204081632653
1791377259,20,,Aggregated,7.900000,0.000000,240,280,330,360,470,950,1400,1600,1700,1700,1700,203,0,240,301.38363793103366,23.175400000013724,1687.6824999999371,1439.3004926108374
1791377260,20,,Aggregated,7.400000,0.000000,250,300,340,390,590,950,1400,1600,1700,1700,1700,217,0,250,315.1242999999999,23.175400000013724,1687.6824999999371,1447.258064516129
1791377261,20,,Aggregated,8.000000,0.000000,240,290,340,380,580,950,1400,1600,1700,1700,1700,224,0,240,310.0880714285705,23.175400000013724,1687.6824999999371,1447.3080357142858
1791377262,20,,Aggregated,8.200000,0.000000,240,290,340,380,580,950,1400,1600,1700,1700,1700,232,0,240,305.56471120689474,23.175400000013724,1687.6824999999371,1436.051724137931
1791377263,20,,Aggregated,8.400000,0.000000,240,290,340,380,580,950,1400,1600,1700,1700,1700,235,0,240,307.1131170212746,23.175400000013724,1687.6824999999371,1428.268085106383
1791377264,20,,Aggregated,8.100000,0.000000,250,300,350,400,650,950,1400,1600,1700,1700,1700,248,0,250,318.9053072580629,23.175400000013724,1687.6824999999371,1441.758064516129
1791377265,20,,Aggregated,8.100000,0.000000,250,300,350,400,620,950,1400,1600,1700,1700,1700,253,0,250,316.7831296442666,23.175400000013724,1687.6824999999371,1440.304347826087
1791377266,20,,Aggregated,7.800000,0.000000,250,300,360,420,620,950,1400,1600,1700,1700,1700,262,0,250,317.2424977099207,23.175400000013724,1687.6824999999371,1445.7748091603053
1791377267,20,,Aggregated,8.100000,0.000000,250,300,360,420,620,950,1400,1600,1700,1700,1700,267,0,250,316.34430936329204,23.175400000013724,1687.6824999999371,1444.2734082397003
1791377268,20,,Aggregated,8.200000,0.000000,250,300,360,420,620,950,1400,1600,1700,1700,1700,268,0,250,315.365372388056,23.175400000013724,1687.6824999999371,1440.0820895522388
1791377269,20,,Aggregated,8.200000,0.000000,250,320,390,440,780,1200,1500,1600,1700,1700,1700,281,0,250,345.84510747330626,23.175400000013724,1687.6824999999371,1442.5231316725979
1791377270,20,,Aggregated,7.800000,0.000000,250,320,380,440,730,1200,1500,1600,1700,1700,1700,291,0,250,343.1238934707864,23.175400000013724,1687.6824999999371,1445.4432989690722
1791377271,20,,Aggregated,6.800000,0.000000,250,320,380,440,730,1200,1500,1600,1700,1700,1700,299,0,250,340.174727759194,23.175400000013724,1687.6824999999371,1442.438127090301
1791377272,20,,Aggregated,7.100000,0.000000,250,320,380,430,670,1100,1500,1600,1700,1700,1700,312,0,250,338.015925641022,23.175400000013724,1687.6824999999371,1441.8910256410256
1791377273,20,,Aggregated,7.400000,0.000000,250,320,380,430,670,1100,1500,1600,1700,1700,1700,319,0,250,336.88257899686187,23.175400000013724,1687.6824999999371,1438.805642633229
1791377274,20,,Aggregated,7.400000,0.000000,250,330,380,440,670,1100,1500,1600,1700,1700,1700,327,0,250,336.53451620794834,23.175400000013724,1687.6824999999371,1436.4831804281346
1791377275,20,,Aggregated,8.000000,0.000000,260,330,380,440,650,1100,1500,1600,1700,1700,1700,331,0,260,336.9807861027164,23.175400000013724,1687.6824999999371,1438.9577039274925
1791377277,20,,Aggregated,8.400000,0.000000,260,330,380,440,640,1000,1500,1600,1700,1700,1700,343,0,260,337.13993731778123,23.175400000013724,1687.6824999999371,1437.6122448979593
1791377278,20,,Aggregated,7.800000,0.000000,260,330,380,440,640,1000,1500,1600,1700,1700,1700,348,0,260,334.90185431034195,23.175400000013724,1687.6824999999371,1433.3764367816093
1791377279,20,,Aggregated,8.100000,0.000000,260,330,380,440,620,1000,1400,1600,1700,1700,1700,358,0,260,333.60840670390826,23.175400000013724,1687.6824999999371,1436.5837988826815
1791377280,20,,Aggregated,8.100000,0.000000,260,330,380,430,620,960,1400,1600,1700,1700,1700,366,0,260,331.6689909836044,23.175400000013724,1687.6824999999371,1442.1284153005465
1791377281,20,,Aggregated,8.100000,0.000000,260,330,380,440,600,960,1400,1600,1700,1700,1700,378,0,260,331.12302195766983,23.175400000013724,1687.6824999999371,1435.9497354497355
1791377282,20,,Aggregated,8.900000,0.000000,260,330,380,430,600,950,1400,1600,1700,1700,1700,386,0,260,331.17722409326194,23.175400000013724,1687.6824999999371,1439.8160621761658
1791377283,20,,Aggregated,8.600000,0.000000,260,330,380,430,590,950,1400,1600,1700,1700,1700,392,0,260,330.7281732142836,23.175400000013724,1687.6824999999371,1440.4107142857142
1791377284,20,,Aggregated,8.600000,0.000000,270,330,380,440,600,950,1400,1600,1700,1700,1700,404,0,270,330.9689460396025,23.175400000013724,1687.6824999999371,1438.3118811881188
1791377285,20,,Aggregated,7.900000,0.000000,260,330,380,430,600,950,1400,1600,1700,1700,1700,409,0,260,329.64302200488885,23.175400000013724,1687.6824999999371,1441.1833740831296
1791377286,20,,Aggregated,8.400000,0.000000,270,330,380,430,590,950,1400,1600,1700,1700,1700,416,0,270,328.35544278846066,23.175400000013724,1687.6824999999371,1441.6754807692307
1791377287,20,,Aggregated,8.400000,0.000000,260,330,380,430,590,950,1400,1600,1700,1700,1700,422,0,260,327.10463744075753,23.175400000013724,1687.6824999999371,1438.590047393365
1791377288,20,,Aggregated,8.400000,0.000000,260,330,380,430,590,950,1400,1600,1700,1700,1700,429,0,260,324.03233636363547,23.175400000013724,1687.6824999999371,1435.811188811189
1791377289,20,,Aggregated,7.900000,0.000000,260,330,370,420,580,950,1400,1600,1700,1700,1700,437,0,260,322.3551121281456,23.175400000013724,1687.6824999999371,1434.157894736842
1791377290,20,,Aggregated,7.900000,0.000000,260,320,370,420,580,890,1400,1600,1700,1700,1700,443,0,260,320.7275586907445,23.175400000013724,1687.6824999999371,1433.984198645598
1791377291,20,,Aggregated,7.900000,0.000000,260,320,370,410,580,890,1400,1600,1700,1700,1700,449,0,260,319.11815189309505,23.175400000013724,1687.6824999999371,1433.6592427616927
1791377292,20,,Aggregated,7.800000,0.000000,260,330,370,420,570,880,1400,1600,1700,1700,1700,463,0,260,318.8171233261327,23.175400000013724,1687.6824999999371,1427.1511879049676
1791377293,20,,Aggregated,7.000000,0.000000,260,330,380,430,570,880,1400,1600,1700,1700,1700,469,0,260,320.32432515991337,23.175400000013724,1687.6824999999371,1426.8208955223881
1791377294,20,,Aggregated,7.500000,0.000000,270,330,380,440,580,820,1400,1600,1700,1700,1700,482,0,270,325.1384699170116,23.175400000013724,1687.6824999999371,1433.746887966805
1791377295,20,,Aggregated,7.500000,0.000000,270,330,380,430,580,820,1400,1600,1700,1700,1700,491,0,270,323.4332193482681,23.175400000013724,1687.6824999999371,1430.7311608961304
1791377296,20,,Aggregated,7.800000,0.000000,270,330,380,430,580,820,1400,1600,1700,1700,1700,497,0,270,322.67869094567357,23.175400000013724,1687.6824999999371,1431.8390342052314
1791377297,20,,Aggregated,7.800000,0.000000,270,330,380,430,570,820,1400,1500,1700,1700,1700,506,0,270,321.71700395256835,23.175400000013724,1687.6824999999371,1433.9624505928855
1791377298,20,,Aggregated,7.800000,0.000000,270,330,380,420,570,820,1400,1500,1700,1700,1700,513,0,270,320.07004288498956,23.175400000013724,1687.6824999999371,1431.8460038986354
1791377299,20,,Aggregated,8.400000,0.000000,270,330,380,420,570,820,1400,1500,1700,1700,1700,520,0,270,319.47943538461436,23.175400000013724,1687.6824999999371,1436.4807692307693
1791377300,20,,Aggregated,8.300000,0.000000,270,330,380,420,560,820,1400,1500,1700,1700,1700,527,0,270,320.0503172675512,23.175400000013724,1687.6824999999371,1435.1062618595824
1791377301,20,,Aggregated,8.300000,0.000000,270,330,380,420,570,820,1400,1500,1700,1700,1700,536,0,270,319.8999542910438,23.175400000013724,1687.6824999999371,1433.5018656716418
1791377302,20,,Aggregated,8.100000,0.000000,270,330,380,430,580,820,1400,1600,1700,1700,1700,540,0,270,324.0675949999989,23.175400000013724,1687.6824999999371,1433.6722222222222
1791377303,20,,Aggregated,8.600000,0.000000,270,330,380,430,590,950,1400,1600,1700,1700,1700,553,0,270,328.42434846292815,23.175400000013724,1687.6824999999371,1433.0741410488247
1791377304,20,,Aggregated,7.600000,0.000000,270,330,380,430,590,950,1400,1600,1700,1700,1700,558,0,270,328.81387025089475,23.175400000013724,1687.6824999999371,1434.6702508960573
1791377305,20,,Aggregated,8.300000,0.000000,270,330,380,430,580,890,1400,1600,1700,1700,1700,572,0,270,327.7136905594393,23.175400000013724,1687.6824999999371,1436.31993006993
1791377306,20,,Aggregated,7.400000,0.000000,270,330,380,430,580,890,1400,1600,1700,1700,1700,575,0,270,327.0968422608686,23.175400000013724,1687.6824999999371,1432.6591304347826
1791377307,20,,Aggregated,7.700000,0.000000,270,340,380,430,600,950,1400,1600,1700,1700,1700,585,0,270,331.83644358974254,23.175400000013724,1687.6824999999371,1435.234188034188
1791377308,20,,Aggregated,8.100000,0.000000,270,340,380,430,590,950,1400,1600,1700,1700,1700,597,0,270,331.05504522612983,23.175400000013724,1687.6824999999371,1435.8827470686767
1791377309,20,,Aggregated,7.700000,0.000000,270,340,380,430,590,900,1300,1500,1700,1700,1700,601,0,270,330.2246727121458,23.175400000013724,1687.6824999999371,1437.054908485857
1791377310,20,,Aggregated,7.700000,0.000000,270,340,380,430,590,900,1300,1500,1700,1700,1700,606,0,270,328.8525092409235,23.175400000013724,1687.6824999999371,1435.6534653465346
1791377311,20,,Aggregated,8.000000,0.000000,270,340,380,430,590,900,1300,1500,1700,1700,1700,614,0,270,329.63258094462475,23.175400000013724,1687.6824999999371,1439.6172638436483
1791377312,20,,Aggregated,8.000000,0.000000,270,340,380,430,590,900,1300,1500,1700,1700,1700,620,0,270,328.40809274193475,23.175400000013724,1687.6824999999371,1435.2983870967741
1791377313,20,,Aggregated,7.700000,0.000000,280,340,380,430,580,890,1300,1500,1700,1700,1700,632,0,280,329.42100126582227,23.175400000013724,1687.6824999999371,1435.3544303797469
1791377314,20,,Aggregated,8.100000,0.000000,280,340,380,430,580,890,1300,1500,1700,1700,1700,639,0,280,329.607908763693,23.175400000013724,1687.6824999999371,1437.9671361502346
1791377315,20,,Aggregated,7.600000,0.000000,280,340,390,440,580,880,1300,1500,1700,1700,1700,648,0,280,329.46091682098717,23.175400000013724,1687.6824999999371,1436.6774691358025
1791377316,20,,Aggregated,8.100000,0.000000,280,340,380,430,580,880,1300,1500,1700,1700,1700,657,0,280,327.69391902587455,23.175400000013724,1687.6824999999371,1437.6362252663623
1791377317,20,,Aggregated,7.400000,0.000000,280,340,380,430,570,880,1300,1500,1700,1700,1700,662,0,280,327.37339501510513,23.175400000013724,1687.6824999999371,1439.2205438066464
1791377318,20,,Aggregated,7.800000,0.000000,270,340,380,430,570,880,1300,1500,1700,1700,1700,672,0,270,326.2490133928567,23.175400000013724,1687.6824999999371,1442.0267857142858
1791377319,20,,Aggregated,7.500000,0.000000,270,340,380,430,570,880,1300,1500,1700,1700,1700,680,0,270,325.25451455882325,23.175400000013724,1687.6824999999371,1440.3117647058823
1791377320,20,,Aggregated,7.900000,0.000000,270,340,380,420,560,820,1300,1500,1700,1700,1700,689,0,270,323.4934821480405,23.175400000013724,1687.6824999999371,1437.634252539913
1791377321,20,,Aggregated,7.500000,0.000000,270,340,380,420,560,820,1300,1500,1700,1700,1700,696,0,270,322.9075352011494,23.175400000013724,1687.6824999999371,1439.2255747126437
1791377322,20,,Aggregated,7.900000,0.000000,270,340,380,420,560,820,1200,1500,1700,1700,1700,704,0,270,322.2904228693181,23.175400000013724,1687.6824999999371,1440.5113636363637
1791377323,20,,Aggregated,7.800000,0.000000,270,340,380,420,560,820,1200,1500,1700,1700,1700,708,0,270,321.37369350282484,23.175400000013724,1687.6824999999371,1438.0127118644068
1791377324,20,,Aggregated,7.900000,0.000000,270,340,380,420,560,820,1200,1500,1700,1700,1700,718,0,270,320.6337637883011,23.175400000013724,1687.6824999999371,1437.892757660167
1791377325,20,,Aggregated,8.000000,0.000000,270,340,380,420,560,820,1200,1500,1700,1700,1700,723,0,270,320.6322266943293,23.175400000013724,1687.6824999999371,1437.225449515906
1791377326,20,,Aggregated,7.500000,0.000000,270,340,380,420,540,820,1200,1500,1700,1700,1700,733,0,270,320.6535762619375,23.175400000013724,1687.6824999999371,1438.755798090041
1791377327,20,,Aggregated,7.700000,0.000000,270,340,380,420,540,800,1200,1500,1700,1700,1700,742,0,270,320.41312749326164,23.175400000013724,1687.6824999999371,1439.0188679245282
1791377328,20,,Aggregated,7.400000,0.000000,270,340,380,420,540,800,1200,1500,1700,1700,1700,748,0,270,319.30810708556146,23.175400000013724,1687.6824999999371,1438.3155080213903
1791377329,20,,Aggregated,7.600000,0.000000,270,330,380,410,530,790,1200,1500,1700,1700,1700,761,0,270,317.1291140604464,23.175400000013724,1687.6824999999371,1438.113009198423
1791377330,20,,Aggregated,7.600000,0.000000,270,330,380,410,530,790,1200,1500,1700,1700,1700,769,0,270,317.0213919375808,23.175400000013724,1687.6824999999371,1438.4187256176854
1791377331,20,,Aggregated,7.500000,0.000000,270,340,380,410,530,790,1200,1500,1700,1700,1700,775,0,270,316.83922167741866,23.175400000013724,1687.6824999999371,1438.3664516129031
1791377332,20,,Aggregated,7.800000,0.000000,270,330,380,410,530,790,1200,1500,1700,1700,1700,782,0,270,315.5826438618922,23.175400000013724,1687.6824999999371,1437.0115089514065
1791377333,20,,Aggregated,8.000000,0.000000,270,330,370,410,530,790,1200,1500,1700,1700,1700,789,0,270,314.6419329531047,23.175400000013724,1687.6824999999371,1438.6476552598226
1791377335,20,,Aggregated,7.900000,0.000000,270,330,370,410,530,790,1200,1500,1700,1700,1700,797,0,270,313.5068040150558,23.175400000013724,1687.6824999999371,1438.68130489335
1791377336,20,,Aggregated,7.700000,0.000000,270,330,370,410,530,780,1200,1400,1700,1700,1700,804,0,270,312.4868924129346,23.175400000013724,1687.6824999999371,1436.9751243781095
1791377337,20,,Aggregated,7.900000,0.000000,270,330,370,410,520,780,1200,1400,1700,1700,1700,814,0,270,312.4275555282545,23.175400000013724,1687.6824999999371,1437.8955773955774
1791377338,20,,Aggregated,7.800000,0.000000,270,330,370,410,520,780,1200,1400,1700,1700,1700,821,0,270,311.8772848964665,23.175400000013724,1687.6824999999371,1439.6979293544457
1791377339,20,,Aggregated,7.800000,0.000000,270,330,370,410,520,780,1200,1400,1700,1700,1700,824,0,270,311.30220970873637,23.175400000013724,1687.6824999999371,1435.6225728155339
1791377340,20,,Aggregated,7.700000,0.000000,270,330,380,420,540,820,1200,1400,1700,1700,1700,838,0,270,317.6223628878271,23.175400000013724,1687.6824999999371,1438.8210023866347
1791377341,20,,Aggregated,7.500000,0.000000,270,330,380,420,530,820,1200,1400,1700,1700,1700,849,0,270,316.1499652532381,23.175400000013724,1687.6824999999371,1442.3780918727916
1791377342,20,,Aggregated,7.500000,0.000000,270,330,370,410,530,820,1200,1400,1700,1700,1700,858,0,270,314.91342610722495,23.175400000013724,1687.6824999999371,1442.2365967365968
1791377343,20,,Aggregated,7.800000,0.000000,270,330,370,410,530,800,1200,1400,1700,1700,1700,866,0,270,313.31465092378687,23.175400000013724,1687.6824999999371,1441.1801385681292
1791377344,20,,Aggregated,8.000000,0.000000,270,330,370,410,530,800,1200,1400,1700,1700,1700,874,0,270,311.88374016018236,23.175400000013724,1687.6824999999371,1442.9061784897026
1791377345,20,,Aggregated,8.300000,0.000000,260,330,370,410,530,800,1200,1400,1700,1700,1700,879,0,260,310.6429756541516,22.465399999987312,1687.6824999999371,1440.9613196814562
1791377346,20,,Aggregated,8.000000,0.000000,260,330,370,410,530,790,1200,1400,1700,1700,1700,886,0,260,310.2681757336333,22.465399999987312,1687.6824999999371,1440.6004514672686
1791377347,20,,Aggregated,8.100000,0.000000,260,330,370,410,530,790,1200,1400,1700,1700,1700,896,0,260,309.2416198660706,22.465399999987312,1687.6824999999371,1443.4073660714287
1791377348,20,,Aggregated,8.100000,0.000000,260,330,370,400,530,790,1200,1400,1700,1700,1700,901,0,260,309.28190299666954,22.465399999987312,1687.6824999999371,1442.6958934517204
1791377349,20,,Aggregated,8.100000,0.000000,270,330,370,410,530,790,1200,1400,1700,1700,1700,909,0,270,310.6218143014292,22.465399999987312,1687.6824999999371,1444.126512651265
1791377350,20,,Aggregated,8.000000,0.000000,270,330,370,410,530,780,1200,1400,1700,1700,1700,921,0,270,309.5838687296407,22.465399999987312,1687.6824999999371,1443.542888165038
1791377351,20,,Aggregated,8.500000,0.000000,260,330,370,400,530,780,1200,1400,1700,1700,1700,936,0,260,308.02073183760575,22.465399999987312,1687.6824999999371,1441.0160256410256
1791377352,20,,Aggregated,8.200000,0.000000,270,330,370,400,530,780,1200,1400,1700,1700,1700,942,0,270,307.5883801486188,22.465399999987312,1687.6824999999371,1442.2855626326964
1791377353,20,,Aggregated,8.700000,0.000000,270,330,370,400,530,780,1200,1400,1700,1700,1700,948,0,270,308.1320562236275,22.465399999987312,1687.6824999999371,1443.551687763713
1791377354,20,,Aggregated,8.700000,0.000000,270,330,370,410,520,780,1100,1400,1700,1700,1700,955,0,270,307.98050314136003,22.465399999987312,1687.6824999999371,1442.5287958115184
1791377355,20,,Aggregated,8.100000,0.000000,270,330,370,400,520,780,1100,1400,1700,1700,1700,960,0,270,307.29442302083214,22.465399999987312,1687.6824999999371,1443.2520833333333
1791377356,20,,Aggregated,8.500000,0.000000,270,330,370,400,510,780,1100,1400,1700,1700,1700,973,0,270,306.72158992805646,22.465399999987312,1687.6824999999371,1442.5806783144913
1791377357,20,,Aggregated,8.000000,0.000000,260,330,370,400,510,780,1100,1400,1700,1700,1700,976,0,260,306.0973278688514,22.465399999987312,1687.6824999999371,1442.1188524590164
1791377358,20,,Aggregated,8.600000,0.000000,260,320,370,400,510,780,1100,1400,1700,1700,1700,981,0,260,305.51040377166044,22.465399999987312,1687.6824999999371,1443.6299694189602
1791377359,20,,Aggregated,8.100000,0.000000,260,330,370,400,510,780,1100,1400,1700,1700,1700,991,0,260,306.0234394550949,22.465399999987312,1687.6824999999371,1443.9667003027246
1791377360,20,,Aggregated,7.800000,0.000000,260,330,370,400,510,780,1100,1400,1700,1700,1700,998,0,260,305.57680300601095,22.465399999987312,1687.6824999999371,1443.8997995991983
1791377361,20,,Aggregated,7.900000,0.000000,260,330,370,400,510,730,1100,1400,1700,1700,1700,1010,0,260,305.31305465346475,22.465399999987312,1687.6824999999371,1445.0574257425742
1791377362,20,,Aggregated,7.900000,0.000000,260,330,370,400,510,730,1100,1400,1700,1700,1700,1011,0,260,305.1725398615227,22.465399999987312,1687.6824999999371,1445.215628090999
1791377363,20,,Aggregated,7.200000,0.000000,270,330,370,410,530,790,1200,1400,1700,1700,1700,1028,0,270,311.8677796692603,22.465399999987312,1687.6824999999371,1445.136186770428
1791377364,20,,Aggregated,7.000000,0.000000,270,330,370,410,530,790,1200,1400,1700,1700,1700,1035,0,270,310.8477449275357,22.465399999987312,1687.6824999999371,1445.3903381642513
1791377365,20,,Aggregated,7.700000,0.000000,260,330,370,410,530,790,1200,1400,1700,1700,1700,1040,0,260,310.3990118269227,22.465399999987312,1687.6824999999371,1446.3375
1791377366,20,,Aggregated,7.900000,0.000000,260,330,370,410,530,790,1200,1400,1700,1700,1700,1052,0,260,309.1132518060832,22.465399999987312,1687.6824999999371,1445.9391634980989
1791377367,20,,Aggregated,8.100000,0.000000,260,330,370,410,530,790,1200,1400,1700,1700,1700,1056,0,260,308.7264419507573,22.465399999987312,1687.6824999999371,1446.873106060606
1791377368,20,,Aggregated,7.700000,0.000000,260,330,370,410,530,780,1200,1400,1700,1700,1700,1064,0,260,308.1998319548869,22.465399999987312,1687.6824999999371,1445.766917293233
1791377369,20,,Aggregated,8.100000,0.000000,260,320,370,400,530,780,1200,1400,1700,1700,1700,1071,0,260,307.79951456582614,22.465399999987312,1687.6824999999371,1447.0812324929973
1791377370,20,,Aggregated,8.500000,0.000000,260,320,370,400,530,780,1200,1400,1700,1700,1700,1078,0,260,307.3276982374766,22.465399999987312,1687.6824999999371,1445.7903525046381
1791377371,20,,Aggregated,7.800000,0.000000,260,320,370,400,530,780,1200,1400,1700,1700,1700,1086,0,260,306.796995119705,22.465399999987312,1687.6824999999371,1448.4116022099447
1791377372,20,,Aggregated,8.000000,0.000000,260,320,370,400,520,780,1200,1400,1700,1700,1700,1091,0,260,306.9384362053158,22.465399999987312,1687.6824999999371,1449.2483959670028
1791377373,20,,Aggregated,7.500000,0.000000,270,330,370,410,540,790,1100,1400,1700,1700,1700,1104,0,270,311.0745269021736,22.465399999987312,1687.6824999999371,1447.8632246376812
1791377374,20,,Aggregated,7.700000,0.000000,270,330,370,410,560,820,1200,1400,1700,1700,1700,1117,0,270,313.25594888093065,22.465399999987312,1687.6824999999371,1449.5040286481646
1791377375,20,,Aggregated,7.000000,0.000000,270,330,370,410,560,800,1200,1400,1700,1700,1700,1123,0,270,313.2452634906498,22.465399999987312,1687.6824999999371,1450.4995547640249
1791377376,20,,Aggregated,7.600000,0.000000,270,330,370,410,560,800,1200,1400,1700,1700,1700,1132,0,270,312.19271042402806,20.49679999993259,1687.6824999999371,1447.618374558304
1791377377,20,,Aggregated,7.900000,0.000000,270,330,370,410,540,790,1200,1400,1700,1700,1700,1141,0,270,311.41867283084997,20.49679999993259,1687.6824999999371,1447.808939526731
1791377378,20,,Aggregated,8.000000,0.000000,270,330,370,410,540,790,1200,1400,1700,1700,1700,1150,0,270,310.81225391304315,20.49679999993259,1687.6824999999371,1448.2217391304348
1791377379,20,,Aggregated,8.100000,0.000000,270,330,370,410,540,790,1100,1400,1700,1700,1700,1155,0,270,310.5233960173157,20.49679999993259,1687.6824999999371,1448.2164502164503
1791377380,20,,Aggregated,8.000000,0.000000,260,330,370,410,530,790,1100,1400,1700,1700,1700,1161,0,260,310.0253318690782,20.49679999993259,1687.6824999999371,1449.102497846684
1791377381,20,,Aggregated,8.400000,0.000000,260,320,370,400,530,790,1100,1400,1700,1700,1700,1170,0,260,309.3345845299145,20.49679999993259,1687.6824999999371,1449.746153846154
1791377382,20,,Aggregated,8.400000,0.000000,270,330,370,410,530,790,1100,1400,1700,1700,1700,1176,0,270,309.9424979591836,20.49679999993259,1687.6824999999371,1450.2602040816328
1791377383,20,,Aggregated,8.500000,0.000000,270,330,370,410,530,790,1100,1400,1700,1700,1700,1189,0,270,310.095373002523,20.49679999993259,1687.6824999999371,1451.88393608074
1791377384,20,,Aggregated,8.300000,0.000000,270,330,370,410,530,790,1100,1400,1700,1700,1700,1196,0,270,310.1748281772574,20.49679999993259,1687.6824999999371,1452.0392976588628
1791377385,20,,Aggregated,8.500000,0.000000,270,330,370,410,540,790,1100,1400,1700,1700,1700,1209,0,270,312.3390651778329,20.49679999993259,1687.6824999999371,1453.24317617866
1791377387,20,,Aggregated,7.900000,0.000000,270,330,370,410,540,790,1100,1400,1700,1700,1700,1210,0,270,312.1030595867768,20.49679999993259,1687.6824999999371,1452.304958677686
1791377388,20,,Aggregated,8.100000,0.000000,270,330,370,420,560,820,1200,1400,1700,1700,1700,1225,0,270,316.3085141224488,20.49679999993259,1687.6824999999371,1453.4334693877552
1791377389,20,,Aggregated,7.400000,0.000000,270,330,370,420,560,820,1200,1400,1700,1700,1700,1232,0,270,315.28985048701287,20.49679999993259,1687.6824999999371,1453.9926948051948
1791377390,20,,Aggregated,7.400000,0.000000,270,330,370,410,560,820,1200,1400,1700,1700,1700,1240,0,270,314.16802645161283,20.49679999993259,1687.6824999999371,1454.0403225806451
1791377391,20,,Aggregated,8.100000,0.000000,270,330,370,410,560,820,1200,1400,1700,1700,1700,1248,0,270,313.80518637820506,20.49679999993259,1687.6824999999371,1454.7636217948718
1791377392,20,,Aggregated,8.200000,0.000000,270,330,370,410,560,820,1200,1400,1700,1700,1700,1254,0,270,313.2755346889952,20.49679999993259,1687.6824999999371,1454.5247208931419
1791377393,20,,Aggregated,8.000000,0.000000,270,330,370,410,560,820,1200,1400,1700,1700,1700,1263,0,270,312.5392115597783,20.49679999993259,1687.6824999999371,1453.9097387173397
1791377394,20,,Aggregated,8.200000,0.000000,260,320,370,410,560,820,1200,1400,1700,1700,1700,1271,0,260,311.88315515342225,20.49679999993259,1687.6824999999371,1454.9984264358773
1791377395,20,,Aggregated,8.300000,0.000000,260,330,370,410,560,820,1200,1400,1700,1700,1700,1284,0,260,312.9760633177571,20.49679999993259,1687.6824999999371,1455.8979750778817
1791377396,20,,Aggregated,8.000000,0.000000,260,330,370,410,560,820,1200,1400,1700,1700,1700,1288,0,260,312.5620637422361,20.49679999993259,1687.6824999999371,1457.111801242236
1791377397,20,,Aggregated,8.700000,0.000000,260,320,370,410,560,800,1200,1300,1700,1700,1700,1304,0,260,311.3747103527609,20.49679999993259,1687.6824999999371,1457.4018404907974
1791377398,20,,Aggregated,7.700000,0.000000,260,320,370,410,560,800,1200,1300,1700,1700,1700,1306,0,260,311.20207848392045,20.49679999993259,1687.6824999999371,1457.6761102603368
1791377399,20,,Aggregated,9.300000,0.000000,260,330,370,410,560,800,1200,1300,1700,1700,1700,1316,0,260,311.92528457446775,20.49679999993259,1687.6824999999371,1457.7059270516718
1791377400,20,,Aggregated,9.300000,0.000000,260,330,370,410,560,790,1200,1300,1700,1700,1700,1322,0,260,312.0322956883508,20.49679999993259,1687.6824999999371,1458.6512859304084
1791377401,20,,Aggregated,7.900000,0.000000,260,320,370,410,560,790,1200,1300,1700,1700,1700,1330,0,260,311.20876157894713,20.49679999993259,1687.6824999999371,1458.2315789473685
1791377402,20,,Aggregated,8.200000,0.000000,260,320,370,410,560,790,1200,1300,1700,1700,1700,1339,0,260,310.91738506347986,20.49679999993259,1687.6824999999371,1457.5339805825242
1791377403,20,,Aggregated,8.300000,0.000000,260,330,370,410,560,790,1200,1300,1700,1700,1700,1343,0,260,311.02872673119845,20.49679999993259,1687.6824999999371,1458.05956813105
1791377404,20,,Aggregated,8.400000,0.000000,260,320,370,410,560,790,1100,1300,1700,1700,1700,1353,0,260,310.21912254249776,20.49679999993259,1687.6824999999371,1458.050997782705
1791377405,20,,Aggregated,8.400000,0.000000,260,320,370,410,560,790,1100,1300,1700,1700,1700,1357,0,260,309.70568017686014,20.49679999993259,1687.6824999999371,1457.6543846720708
1791377406,20,,Aggregated,8.100000,0.000000,260,320,370,410,560,790,1100,1300,1700,1700,1700,1365,0,260,308.7664277655669,20.49679999993259,1687.6824999999371,1457.0432234432235
1791377407,20,,Aggregated,7.400000,0.000000,260,320,370,410,540,790,1100,1300,1700,1700,1700,1378,0,260,308.3264915094332,20.49679999993259,1687.6824999999371,1459.5544267053701
1791377408,20,,Aggregated,7.400000,0.000000,260,320,370,410,540,790,1100,1300,1700,1700,1700,1387,0,260,307.8077173756303,20.49679999993259,1687.6824999999371,1459.9300648882481
1791377409,20,,Aggregated,7.400000,0.000000,260,320,370,410,540,790,1100,1300,1700,1700,1700,1395,0,260,307.6767408602145,20.49679999993259,1687.6824999999371,1459.2064516129033
1791377410,20,,Aggregated,8.000000,0.000000,260,320,370,410,560,790,1100,1300,1700,1700,1700,1404,0,260,310.0891106125351,20.49679999993259,1687.6824999999371,1459.1431623931624
1791377411,20,,Aggregated,8.500000,0.000000,260,320,370,410,560,790,1100,1300,1700,1700,1700,1410,0,260,309.82975347517686,20.49679999993259,1687.6824999999371,1457.0695035460992
1791377412,20,,Aggregated,7.700000,0.000000,260,320,370,410,560,790,1100,1300,1700,1700,1700,1419,0,260,309.02884045102087,20.49679999993259,1687.6824999999371,1456.4348132487667
1791377413,20,,Aggregated,7.600000,0.000000,260,320,370,410,560,790,1100,1300,1700,1700,1700,1426,0,260,308.2811158485266,20.49679999993259,1687.6824999999371,1456.4908835904628
1791377414,20,,Aggregated,8.000000,0.000000,260,320,370,410,560,790,1100,1300,1700,1700,1700,1436,0,260,307.36398544568186,20.49679999993259,1687.6824999999371,1455.1880222841226
1791377415,20,,Aggregated,8.500000,0.000000,260,320,370,410,540,790,1100,1300,1700,1700,1700,1441,0,260,306.926761970853,20.49679999993259,1687.6824999999371,1454.9590562109647
1791377416,20,,Aggregated,8.200000,0.000000,260,320,360,400,540,790,1100,1300,1700,1700,1700,1451,0,260,306.1390678842173,20.49679999993259,1687.6824999999371,1454.696760854583
1791377417,20,,Aggregated,8.000000,0.000000,260,320,360,400,540,790,1100,1300,1700,1700,1700,1455,0,260,305.83648378006836,20.49679999993259,1687.6824999999371,1454.26941580756
1791377418,20,,Aggregated,8.600000,0.000000,260,320,370,410,540,780,1100,1300,1700,1700,1700,1470,0,260,306.3721674149654,20.49679999993259,1687.6824999999371,1453.8095238095239
1791377419,20,,Aggregated,7.900000,0.000000,260,320,370,410,540,780,1100,1300,1700,1700,1700,1480,0,260,306.3834607432428,20.49679999993259,1687.6824999999371,1455.6283783783783
1791377420,20,,Aggregated,7.800000,0.000000,260,320,370,410,540,780,1100,1300,1700,1700,1700,1488,0,260,306.30909072580636,20.49679999993259,1687.6824999999371,1454.9334677419354
1791377421,20,,Aggregated,8.200000,0.000000,260,320,370,410,540,780,1100,1300,1700,1700,1700,1498,0,260,305.9649787049397,20.49679999993259,1687.6824999999371,1454.1748998664887
1791377422,20,,Aggregated,8.200000,0.000000,260,320,370,410,540,780,1100,1300,1700,1700,1700,1502,0,260,306.2816707057255,20.49679999993259,1687.6824999999371,1454.5905459387484
1791377423,20,,Aggregated,8.700000,0.000000,260,320,370,410,540,780,1100,1300,1700,1700,1700,1506,0,260,306.1925204515271,20.49679999993259,1687.6824999999371,1455.33598937583
1791377424,20,,Aggregated,8.700000,0.000000,260,320,370,410,540,780,1100,1300,1700,1700,1700,1509,0,260,306.3270723658052,20.49679999993259,1687.6824999999371,1455.6719681908548
1791377425,20,,Aggregated,7.800000,0.000000,260,320,370,410,560,810,1200,1400,1700,1700,1700,1519,0,260,310.68120625411467,20.49679999993259,1687.6824999999371,1453.754443712969
1791377426,20,,Aggregated,7.700000,0.000000,260,320,370,410,560,810,1200,1400,1700,1700,1700,1527,0,260,311.7693781925347,20.49679999993259,1687.6824999999371,1456.2383759004583
1791377427,20,,Aggregated,7.300000,0.000000,260,320,370,410,560,810,1200,1400,1700,1700,1700,1529,0,260,311.4768207325053,20.49679999993259,1687.6824999999371,1455.6075866579463
1791377428,20,,Aggregated,7.700000,0.000000,260,320,370,410,560,810,1200,1400,1700,1700,1700,1540,0,260,310.8334687012993,20.49679999993259,1687.6824999999371,1455.127922077922
1791377429,20,,Aggregated,7.300000,0.000000,260,320,370,410,560,800,1200,1400,1700,1700,1700,1546,0,260,310.30780491591264,20.49679999993259,1687.6824999999371,1455.0381630012937
1791377430,20,,Aggregated,7.100000,0.000000,260,320,370,410,560,800,1200,1400,1700,1700,1700,1555,0,260,310.2679451446954,20.49679999993259,1687.6824999999371,1455.3099678456592
1791377431,20,,Aggregated,6.700000,0.000000,260,320,370,410,560,790,1200,1400,1700,1700,1700,1565,0,260,310.0361964217259,20.49679999993259,1687.6824999999371,1455.6453674121406
1791377432,20,,Aggregated,6.900000,0.000000,260,330,370,410,560,810,1200,1400,1700,1700,1700,1578,0,260,312.41389562737686,20.49679999993259,1687.6824999999371,1458.231939163498
1791377433,20,,Aggregated,6.800000,0.000000,260,330,370,410,560,800,1200,1400,1700,1700,1700,1584,0,260,312.0785854166672,20.49679999993259,1687.6824999999371,1457.2247474747476
1791377434,20,,Aggregated,6.900000,0.000000,260,330,370,410,560,800,1200,1400,1700,1700,1700,1591,0,260,312.2374854179765,20.49679999993259,1687.6824999999371,1458.3482086737902
1791377435,20,,Aggregated,8.000000,0.000000,260,330,370,410,560,790,1100,1400,1700,1700,1700,1601,0,260,312.09069381636493,20.49679999993259,1687.6824999999371,1457.8831980012492
1791377436,20,,Aggregated,7.700000,0.000000,260,330,370,410,560,790,1100,1400,1700,1700,1700,1607,0,260,311.682668014935,20.49679999993259,1687.6824999999371,1456.8792781580585
1791377437,20,,Aggregated,8.400000,0.000000,260,330,370,410,560,790,1100,1400,1700,1700,1700,1616,0,260,311.8506998143571,20.49679999993259,1687.6824999999371,1458.1101485148515
1791377438,20,,Aggregated,7.900000,0.000000,260,330,370,410,560,790,1100,1400,1700,1700,1700,1622,0,260,311.50703729963067,20.49679999993259,1687.6824999999371,1459.887176325524
1791377439,20,,Aggregated,8.100000,0.000000,260,330,370,410,560,790,1100,1400,1700,1700,1700,1631,0,260,311.28103874923414,20.49679999993259,1687.6824999999371,1458.2599632127528
1791377440,20,,Aggregated,8.300000,0.000000,260,330,370,410,560,790,1100,1400,1700,1700,1700,1639,0,260,310.3597336180606,20.49679999993259,1687.6824999999371,1457.6613788895668
1791377441,20,,Aggregated,7.800000,0.000000,260,330,370,410,560,790,1100,1400,1700,1700,1700,1645,0,260,309.69236018237154,20.49679999993259,1687.6824999999371,1456.6802431610943
1791377442,20,,Aggregated,8.100000,0.000000,260,320,370,410,560,790,1100,1400,1700,1700,1700,1653,0,260,308.8194338777987,20.49679999993259,1687.6824999999371,1455.9691470054447
1791377443,20,,Aggregated,7.900000,0.000000,260,320,370,410,540,790,1100,1400,1700,1700,1700,1672,0,260,307.08143151913987,20.49679999993259,1687.6824999999371,1456.793062200957
1791377445,20,,Aggregated,7.700000,0.000000,260,320,370,410,540,790,1100,1400,1700,1700,1700,1676,0,260,306.691779713605,20.49679999993259,1687.6824999999371,1455.6420047732697
1791377446,20,,Aggregated,7.100000,0.000000,260,320,370,410,540,780,1100,1400,1700,1700,1700,1682,0,260,306.8409544589786,20.49679999993259,1687.6824999999371,1455.536266349584
1791377447,20,,Aggregated,8.200000,0.000000,260,320,370,410,540,780,1100,1400,1700,1700,1700,1693,0,260,306.3414842291798,20.49679999993259,1687.6824999999371,1453.5776727702303
1791377448,20,,Aggregated,8.200000,0.000000,260,320,370,410,540,780,1100,1400,1700,1700,1700,1698,0,260,306.35123038869324,20.49679999993259,1687.6824999999371,1454.0636042402828
1791377449,20,,Aggregated,8.300000,0.000000,260,320,370,410,540,780,1100,1300,1700,1700,1700,1704,0,260,305.91118638497716,20.49679999993259,1687.6824999999371,1453.605633802817
1791377450,20,,Aggregated,8.100000,0.000000,260,320,370,410,530,780,1100,1300,1700,1700,1700,1711,0,260,305.73723202805434,20.49679999993259,1687.6824999999371,1454.4430157802456
1791377451,20,,Aggregated,8.100000,0.000000,260,320,370,410,530,780,1100,1300,1700,1700,1700,1717,0,260,305.30030914385634,20.49679999993259,1687.6824999999371,1454.2364589400117
1791377452,20,,Aggregated,7.800000,0.000000,260,320,370,410,530,780,1100,1300,1700,1700,1700,1725,0,260,305.1544799420298,20.49679999993259,1687.6824999999371,1454.4944927536233
1791377453,20,,Aggregated,7.800000,0.000000,260,320,370,410,530,780,1100,1300,1700,1700,1700,1740,0,260,305.450788103449,20.49679999993259,1687.6824999999371,1453.6155172413794
1791377454,20,,Aggregated,7.800000,0.000000,260,320,370,410,530,780,1100,1300,1700,1700,1700,1750,0,260,305.51735748571497,20.49679999993259,1687.6824999999371,1454.981142857143
1791377455,20,,Aggregated,8.300000,0.000000,260,330,370,410,530,770,1100,1300,1700,1700,1700,1761,0,260,305.93158103350436,20.49679999993259,1687.6824999999371,1454.8063600227144
1791377456,20,,Aggregated,7.700000,0.000000,260,320,370,410,530,770,1100,1300,1700,1700,1700,1768,0,260,305.36269739819096,20.49679999993259,1687.6824999999371,1454.0565610859728
1791377457,20,,Aggregated,8.100000,0.000000,260,320,370,410,530,770,1100,1300,1700,1700,1700,1775,0,260,305.1617080000008,20.49679999993259,1687.6824999999371,1453.9757746478874
1791377458,20,,Aggregated,8.100000,0.000000,260,330,370,410,530,750,1100,1300,1700,1700,1700,1781,0,260,305.4158549129711,20.49679999993259,1687.6824999999371,1454.555867490174
1791377459,20,,Aggregated,7.900000,0.000000,260,330,370,410,530,750,1100,1300,1700,1700,1700,1787,0,260,305.92073581421477,20.49679999993259,1687.6824999999371,1455.1600447677672
1791377460,20,,Aggregated,8.200000,0.000000,260,330,370,410,530,750,1100,1300,1700,1700,1700,1797,0,260,305.2501180300512,20.49679999993259,1687.6824999999371,1452.863105175292
1791377461,20,,Aggregated,8.000000,0.000000,260,330,370,410,530,740,1100,1300,1700,1700,1700,1805,0,260,305.30792620498755,20.49679999993259,1687.6824999999371,1454.2725761772854
1791377462,20,,Aggregated,8.600000,0.000000,260,330,370,410,530,740,1100,1300,1700,1700,1700,1813,0,260,305.33866398235114,20.49679999993259,1687.6824999999371,1455.526751241037
1791377463,20,,Aggregated,8.300000,0.000000,260,330,370,410,530,740,1100,1300,1700,1700,1700,1820,0,260,305.11828197802356,20.49679999993259,1687.6824999999371,1455.8395604395605
1791377464,20,,Aggregated,8.400000,0.000000,260,320,370,410,530,740,1100,1300,1700,1700,1700,1830,0,260,304.549653333335,20.49679999993259,1687.6824999999371,1455.4333333333334
1791377465,20,,Aggregated,7.800000,0.000000,260,320,370,410,530,730,1100,1300,1700,1700,1700,1841,0,260,303.9512846822395,20.49679999993259,1687.6824999999371,1455.2976643128734
1791377466,20,,Aggregated,7.500000,0.000000,260,320,370,410,530,730,1100,1300,1700,1700,1700,1850,0,260,303.9382731891907,20.49679999993259,1687.6824999999371,1455.4156756756756
1791377467,20,,Aggregated,7.600000,0.000000,260,320,370,410,530,730,1100,1300,1700,1700,1700,1860,0,260,303.4496199462383,20.49679999993259,1687.6824999999371,1454.5870967741935
1791377468,20,,Aggregated,8.000000,0.000000,260,320,370,410,530,730,1100,1300,1700,1700,1700,1865,0,260,303.1135145844523,20.49679999993259,1687.6824999999371,1454.554959785523
1791377469,20,,Aggregated,8.200000,0.000000,260,320,370,410,530,730,1100,1300,1700,1700,1700,1873,0,260,303.000642498667,20.49679999993259,1687.6824999999371,1455.8617191671117
1791377470,20,,Aggregated,8.100000,0.000000,260,320,370,400,530,730,1100,1300,1700,1700,1700,1881,0,260,303.1043548112724,20.49679999993259,1687.6824999999371,1456.6135034556087
1791377471,20,,Aggregated,8.500000,0.000000,260,320,370,400,530,730,1100,1300,1700,1700,1700,1887,0,260,302.8345881823015,20.49679999993259,1687.6824999999371,1457.204557498675
1791377472,20,,Aggregated,8.000000,0.000000,260,320,370,400,530,730,1100,1300,1700,1700,1700,1895,0,260,302.02298643799617,20.49679999993259,1687.6824999999371,1455.8701846965698
1791377473,20,,Aggregated,8.100000,0.000000,260,320,370,400,530,730,1100,1300,1700,1700,1700,1907,0,260,302.19402380702815,20.49679999993259,1687.6824999999371,1457.1683272155217
1791377474,20,,Aggregated,8.400000,0.000000,260,320,370,400,520,730,1100,1300,1700,1700,1700,1913,0,260,301.8192621536866,20.49679999993259,1687.6824999999371,1457.1374803972817
1791377475,20,,Aggregated,8.200000,0.000000,260,320,360,400,520,720,1100,1300,1700,1700,1700,1923,0,260,301.49785429017277,20.49679999993259,1687.6824999999371,1456.8221528861154
1791377476,20,,Aggregated,8.400000,0.000000,260,320,360,400,520,720,1100,1300,1700,1700,1700,1932,0,260,300.84227443064293,20.49679999993259,1687.6824999999371,1457.2380952380952
1791377477,20,,Aggregated,8.100000,0.000000,260,320,360,400,520,720,1100,1300,1700,1700,1700,1939,0,260,300.9088581227451,20.49679999993259,1687.6824999999371,1457.8757091284167
1791377478,20,,Aggregated,8.100000,0.000000,260,320,370,400,530,720,1100,1300,1700,1700,1700,1945,0,260,301.7522886889475,20.49679999993259,1687.6824999999371,1457.9352185089974
1791377479,20,,Aggregated,8.000000,0.000000,260,320,370,410,530,740,1100,1300,1700,1700,1700,1952,0,260,303.9051536372967,20.49679999993259,1687.6824999999371,1457.173155737705
1791377480,20,,Aggregated,8.000000,0.000000,260,320,370,410,530,740,1100,1300,1700,1700,1700,1952,0,260,303.9051536372967,20.49679999993259,1687.6824999999371,1457.173155737705
1791377481,20,,Aggregated,7.700000,0.000000,260,330,370,410,540,790,1200,1400,2000,2000,2000,1964,0,260,310.83354495926835,20.49679999993259,2031.489499999907,1457.1094704684317
1791377483,20,,Aggregated,7.700000,0.000000,260,330,370,410,540,790,1200,1400,2000,2000,2000,1971,0,260,310.82443039066595,20.49679999993259,2031.489499999907,1456.3784880771182
1791377484,20,,Aggregated,7.400000,0.000000,260,320,370,410,540,790,1200,1400,2000,2000,2000,1979,0,260,310.2048801920173,20.49679999993259,2031.489499999907,1456.3971702880242
1791377485,20,,Aggregated,7.400000,0.000000,260,320,370,410,540,790,1200,1400,2000,2000,2000,1987,0,260,309.81336889783705,20.49679999993259,2031.489499999907,1455.873175641671
1791377486,20,,Aggregated,7.000000,0.000000,260,320,370,410,540,790,1200,1400,2000,2000,2000,1997,0,260,309.51951597396214,20.49679999993259,2031.489499999907,1457.4692038057085
1791377487,20,,Aggregated,7.000000,0.000000,260,320,370,410,540,780,1200,1400,2000,2000,2000,2004,0,260,309.5126252495022,20.49679999993259,2031.489499999907,1457.5399201596806
1791377488,20,,Aggregated,7.300000,0.000000,260,320,370,410,540,780,1200,1400,2000,2000,2000,2016,0,260,309.7371764384937,20.49679999993259,2031.489499999907,1456.560515873016
1791377489,20,,Aggregated,7.200000,0.000000,260,320,370,410,540,780,1200,1400,2000,2000,2000,2022,0,260,309.4409863501499,20.49679999993259,2031.489499999907,1456.3733926805144
1791377490,20,,Aggregated,7.700000,0.000000,260,320,370,410,540,780,1200,1400,2000,2000,2000,2027,0,260,310.2468889985215,20.49679999993259,2031.489499999907,1455.4504193389246
1791377491,20,,Aggregated,7.500000,0.000000,260,330,370,410,560,790,1200,1400,2000,2000,2000,2035,0,260,312.4051916461931,20.49679999993259,2031.489499999907,1456.2412776412777
1791377492,20,,Aggregated,7.400000,0.000000,260,330,370,420,560,790,1200,1400,2000,2000,2000,2044,0,260,314.1888641878686,20.49679999993259,2031.489499999907,1454.456457925636
1791377493,20,,Aggregated,8.100000,0.000000,260,330,370,420,560,800,1200,1400,2000,2000,2000,2053,0,260,315.4022042377027,20.49679999993259,2031.489499999907,1454.3979542133463
1791377494,20,,Aggregated,7.700000,0.000000,260,330,370,420,560,800,1200,1400,2000,2000,2000,2057,0,260,315.1634832766183,20.49679999993259,2031.489499999907,1454.761789013126
1791377495,20,,Aggregated,7.900000,0.000000,260,330,370,420,560,790,1200,1400,2000,2000,2000,2065,0,260,314.55972295399715,20.49679999993259,2031.489499999907,1452.9665859564166
1791377496,20,,Aggregated,7.700000,0.000000,260,330,370,420,560,790,1200,1400,2000,2000,2000,2075,0,260,314.77167860241167,20.49679999993259,2031.489499999907,1453.2014457831326
1791377497,20,,Aggregated,7.400000,0.000000,260,330,380,420,560,790,1200,1400,2000,2000,2000,2085,0,260,315.0520425419685,20.49679999993259,2031.489499999907,1453.2911270983213
1791377498,20,,Aggregated,7.300000,0.000000,260,330,370,420,560,790,1200,1400,2000,2000,2000,2089,0,260,314.9453812829126,20.49679999993259,2031.489499999907,1453.6687410244135
1791377499,20,,Aggregated,7.900000,0.000000,260,330,380,420,560,790,1200,1400,2000,2000,2000,2100,0,260,314.79859080952576,20.49679999993259,2031.489499999907,1453.5661904761905
1791377500,20,,Aggregated,7.900000,0.000000,260,330,370,420,560,790,1200,1400,2000,2000,2000,2103,0,260,314.66172082739126,20.49679999993259,2031.489499999907,1453.168806466952
1791377501,20,,Aggregated,7.900000,0.000000,260,330,370,420,560,790,1200,1400,2000,2000,2000,2113,0,260,314.4174776147675,20.49679999993259,2031.489499999907,1452.8655939422622
1791377502,20,,Aggregated,7.700000,0.000000,260,330,370,420,560,790,1200,1400,2000,2000,2000,2126,0,260,313.8243503292587,20.49679999993259,2031.489499999907,1453.2737535277518
1791377503,20,,Aggregated,7.300000,0.000000,260,330,370,420,560,790,1200,1400,2000,2000,2000,2129,0,260,313.7703749178037,20.49679999993259,2031.489499999907,1453.6317519962424
1791377504,20,,Aggregated,8.200000,0.000000,260,330,370,410,560,790,1200,1400,2000,2000,2000,2136,0,260,313.514716713485,20.49679999993259,2031.489499999907,1453.495786516854
1791377505,20,,Aggregated,7.800000,0.000000,260,330,370,420,560,780,1200,1400,2000,2000,2000,2146,0,260,313.890225768874,20.49679999993259,2031.489499999907,1453.656570363467
1791377506,20,,Aggregated,8.000000,0.000000,260,330,370,420,560,780,1200,1400,2000,2000,2000,2154,0,260,313.76124981430064,20.49679999993259,2031.489499999907,1453.8621169916435
1791377507,20,,Aggregated,8.300000,0.000000,260,330,370,420,560,780,1200,1400,2000,2000,2000,2159,0,260,313.3938026864305,20.49679999993259,2031.489499999907,1453.3283927744326
1791377508,20,,Aggregated,7.900000,0.000000,260,330,370,410,560,780,1200,1400,2000,2000,2000,2167,0,260,313.37051587448235,20.49679999993259,2031.489499999907,1454.0078449469313
1791377509,20,,Aggregated,7.400000,0.000000,270,330,380,420,560,780,1200,1400,2000,2000,2000,2176,0,270,313.70383111213397,20.49679999993259,2031.489499999907,1454.188419117647
1791377510,20,,Aggregated,7.400000,0.000000,270,330,380,420,560,780,1200,1400,2000,2000,2000,2184,0,270,313.6276284798551,20.49679999993259,2031.489499999907,1454.4212454212454
1791377511,20,,Aggregated,7.300000,0.000000,270,330,380,420,560,780,1200,1400,2000,2000,2000,2192,0,270,313.67498111314,20.49679999993259,2031.489499999907,1453.2490875912408
1791377512,20,,Aggregated,8.000000,0.000000,270,330,380,420,560,780,1200,1400,2000,2000,2000,2197,0,270,314.01593131543154,20.49679999993259,2031.489499999907,1453.6549840691853
1791377513,20,,Aggregated,7.800000,0.000000,270,330,380,420,560,780,1200,1400,2000,2000,2000,2211,0,270,314.0679218453202,20.49679999993259,2031.489499999907,1453.3423790140207
1791377514,20,,Aggregated,7.100000,0.000000,270,330,380,420,560,780,1200,1400,2000,2000,2000,2220,0,270,313.7439925675688,20.49679999993259,2031.489499999907,1451.8711711711712
1791377515,20,,Aggregated,7.600000,0.000000,270,330,380,420,560,780,1200,1400,2000,2000,2000,2225,0,270,314.0726960898888,20.49679999993259,2031.489499999907,1452.2130337078652
1791377516,20,,Aggregated,8.000000,0.000000,270,330,380,420,560,790,1200,1400,2000,2000,2000,2235,0,270,314.75797874720473,20.49679999993259,2031.489499999907,1452.4742729306488
1791377517,20,,Aggregated,7.800000,0.000000,270,330,380,420,560,790,1200,1400,2000,2000,2000,2240,0,270,314.40465870535826,20.49679999993259,2031.489499999907,1452.470982142857
1791377518,20,,Aggregated,7.800000,0.000000,270,330,380,420,560,780,1200,1400,2000,2000,2000,2246,0,270,314.6845463935897,20.49679999993259,2031.489499999907,1452.7787177203918
1791377519,20,,Aggregated,8.000000,0.000000,270,330,380,420,560,780,1200,1400,2000,2000,2000,2256,0,270,314.5960237145403,20.49679999993259,2031.489499999907,1453.4849290780141
1791377520,20,,Aggregated,8.000000,0.000000,270,330,380,420,560,780,1200,1400,2000,2000,2000,2266,0,270,314.27572890556183,20.49679999993259,2031.489499999907,1453.721094439541
1791377521,20,,Aggregated,7.800000,0.000000,270,330,380,420,560,780,1200,1400,2000,2000,2000,2274,0,270,314.03447744063453,20.49679999993259,2031.489499999907,1452.754617414248
1791377522,20,,Aggregated,7.700000,0.000000,270,330,380,420,560,780,1200,1400,2000,2000,2000,2283,0,270,314.2221648269835,20.49679999993259,2031.489499999907,1453.2536136662286
1791377523,20,,Aggregated,8.300000,0.000000,270,330,380,420,560,780,1200,1400,2000,2000,2000,2289,0,270,314.2102917431206,20.49679999993259,2031.489499999907,1453.1371778069026
1791377524,20,,Aggregated,8.100000,0.000000,270,330,380,420,560,780,1200,1400,2000,2000,2000,2294,0,270,314.15603905841465,20.49679999993259,2031.489499999907,1453.6434176111595
1791377525,20,,Aggregated,8.000000,0.000000,270,330,380,420,560,780,1100,1400,2000,2000,2000,2304,0,270,314.1306290798626,20.49679999993259,2031.489499999907,1453.4131944444443
1791377526,20,,Aggregated,7.500000,0.000000,270,330,380,420,560,780,1100,1400,2000,2000,2000,2316,0,270,314.1278874352348,20.49679999993259,2031.489499999907,1453.7392055267703
1791377527,20,,Aggregated,7.400000,0.000000,270,330,380,420,560,780,1100,1400,2000,2000,2000,2320,0,270,313.8082005172429,20.49679999993259,2031.489499999907,1453.6681034482758
1791377528,20,,Aggregated,8.100000,0.000000,270,330,380,420,560,780,1100,1400,2000,2000,2000,2332,0,270,313.3034436535182,20.49679999993259,2031.489499999907,1453.733704974271
1791377529,20,,Aggregated,8.000000,0.000000,270,330,380,420,560,780,1100,1400,2000,2000,2000,2338,0,270,312.84564721984805,20.49679999993259,2031.489499999907,1453.5808383233532
1791377530,20,,Aggregated,7.900000,0.000000,270,330,380,420,560,780,1100,1400,2000,2000,2000,2344,0,270,312.7505401023911,20.49679999993259,2031.489499999907,1454.0294368600682
1791377531,20,,Aggregated,8.200000,0.000000,270,330,380,420,560,780,1100,1400,2000,2000,2000,2350,0,270,312.6493682978742,20.49679999993259,2031.489499999907,1453.744255319149
1791377532,20,,Aggregated,7.800000,0.000000,270,330,380,420,560,780,1100,1400,2000,2000,2000,2359,0,270,312.8459604069539,20.49679999993259,2031.489499999907,1452.7583721916067
1791377534,20,,Aggregated,7.500000,0.000000,270,330,380,420,560,780,1200,1400,2000,2000,2000,2368,0,270,316.00879856419107,20.49679999993259,2031.489499999907,1453.9826858108108
